TRAVELER_ID,RESIDENCE_SGG_CD,GENDER,AGE_GRP,EDU_NM,EDU_FNSH_SE,MARR_STTS,FAMILY_MEMB,JOB_NM,JOB_ETC,INCOME,HOUSE_INCOME,TRAVEL_TERM,TRAVEL_NUM,TRAVEL_LIKE_SIDO_1,TRAVEL_LIKE_SGG_1,TRAVEL_LIKE_SIDO_2,TRAVEL_LIKE_SGG_2,TRAVEL_LIKE_SIDO_3,TRAVEL_LIKE_SGG_3,TRAVEL_STYL_1,TRAVEL_STYL_2,TRAVEL_STYL_3,TRAVEL_STYL_4,TRAVEL_STYL_5,TRAVEL_STYL_6,TRAVEL_STYL_7,TRAVEL_STYL_8,TRAVEL_STATUS_RESIDENCE,TRAVEL_STATUS_DESTINATION,TRAVEL_STATUS_ACCOMPANY,TRAVEL_STATUS_YMD,TRAVEL_MOTIVE_1,TRAVEL_MOTIVE_2,TRAVEL_MOTIVE_3,TRAVEL_COMPANIONS_NUM
d004911,11,여,20,6,1,1,3,2,,5,5,3,3,50,50110,42,42150,46,46730,4,1,1,3,5,1,5,6,서울특별시,제주,2인 여행(가족 외),2022-10-09~2022-10-12,2,3,1,1
d002531,41,남,20,6,2,1,2,4,,2,12,3,8,50,50130,47,47920,42,42190,2,2,3,3,4,1,4,2,경기도,제주,2인 여행(가족 외),2022-10-09~2022-10-13,1,3,2,1
a014723,29,여,20,6,1,1,3,3,,4,7,2,1,26,26500,11,11680,30,30200,7,7,6,2,1,7,7,6,광주광역시,서울,나홀로 여행,2022-10-28~2022-10-28,1,5,2,0
d004077,27,여,30,5,1,1,2,3,,3,5,2,3,46,46130,50,50110,26,26350,2,2,2,5,3,2,6,6,대구광역시,제주,나홀로 여행,2022-10-29~2022-10-31,4,2,7,0
d003580,50,남,40,5,1,2,6,11,,1,7,2,2,50,50110,42,42110,41,41610,2,2,2,4,6,3,6,2,제주특별자치도,제주,자녀 동반 여행,2022-10-09~2022-10-10,1,3,2,3
d001844,41,여,30,5,4,1,4,3,,4,7,4,3,42,42210,50,50110,42,42150,4,6,4,1,3,4,5,4,경기도,제주,부모 동반 여행,2022-10-14~2022-10-16,1,,,3
d000891,11,여,20,5,1,1,4,6,,4,5,3,4,50,50130,46,46150,11,11170,2,1,2,2,3,3,1,6,서울특별시,제주,2인 여행(가족 외),2022-08-20~2022-08-22,5,3,9,1
d003608,50,여,30,5,1,2,4,5,,9,9,2,3,50,50110,47,47290,11,11680,2,3,1,4,4,5,5,4,제주특별자치도,제주,자녀 동반 여행,2022-10-09~2022-10-10,8,2,1,3
d010735,27,여,30,6,1,2,2,3,,1,4,2,1,42,42150,26,26350,50,50110,4,2,2,3,2,6,5,6,대구광역시,제주,2인 가족 여행,2022-11-02~2022-11-05,9,3,1,1
a008302,11,남,30,5,1,2,3,1,,1,5,3,6,42,42150,41,41820,50,50110,4,1,2,4,2,4,6,4,서울특별시,경기,2인 여행(가족 외),2022-10-29~2022-10-31,2,3,1,1
d003688,50,여,20,5,3,1,3,2,,3,7,2,2,28,28260,29,29110,50,50130,2,1,1,5,4,3,7,5,제주특별자치도,제주,나홀로 여행,2022-10-16~2022-10-18,2,6,1,0
a008260,41,여,30,6,1,1,4,3,,4,10,3,5,50,50110,50,50130,26,26350,3,2,3,2,2,2,4,6,경기도,인천,부모 동반 여행,2022-10-15~2022-10-16,2,9,3,3
d001725,41,남,20,4,1,1,4,12,,1,6,3,6,50,50110,45,45130,28,28710,2,2,1,6,2,1,6,7,경기도,도서 지역,나홀로 여행,2022-10-12~2022-10-14,7,4,1,0
d003623,50,여,30,6,1,1,3,4,,3,8,2,1,11,11680,42,42150,50,50110,4,4,2,2,3,2,6,2,제주특별자치도,제주,나홀로 여행,2022-10-09~2022-10-09,2,1,,0
d009361,11,여,40,4,1,1,4,3,,3,6,3,2,42,42110,28,28710,46,46110,4,1,4,1,2,6,1,6,서울특별시,제주,3인 이상 여행(가족 외),2022-10-30~2022-11-01,3,9,5,3
d003876,41,남,30,5,1,2,4,10,,5,5,2,1,41,41650,41,41550,47,47900,1,1,1,4,7,2,2,6,경기도,제주,자녀 동반 여행,2022-10-06~2022-10-11,3,2,1,3
d001967,11,여,40,6,1,1,4,3,,6,6,3,1,41,41110,50,50130,42,42760,4,2,2,5,4,5,3,5,서울특별시,제주,나홀로 여행,2022-10-08~2022-10-12,2,6,1,0
d000886,28,여,20,6,1,1,2,4,,4,7,3,3,50,50130,43,43110,26,26710,2,2,1,4,4,3,7,7,인천광역시,제주,2인 여행(가족 외),2022-09-01~2022-09-03,1,3,2,1
d005495,50,남,40,6,1,2,1,2,,5,,3,3,50,50110,50,50130,41,41170,4,5,2,3,3,1,3,6,제주특별자치도,제주,나홀로 여행,2022-10-29~2022-10-30,2,1,5,0
d010505,28,여,30,4,1,2,2,3,,4,7,3,5,50,50130,42,42150,45,45130,4,3,3,6,2,4,2,6,인천광역시,제주,2인 여행(가족 외),2022-10-30~2022-11-02,2,3,7,1
d001513,28,여,30,5,1,2,5,4,,1,6,2,1,42,42210,41,41500,43,43800,4,2,2,4,6,4,2,5,인천광역시,제주,자녀 동반 여행,2022-09-27~2022-09-29,7,3,1,4
a006040,11,남,40,6,1,2,4,3,,5,6,2,2,42,42150,46,46770,48,48220,3,3,4,6,3,4,3,5,서울특별시,인천,3대 동반 여행(친척 포함),2022-10-11~2022-10-11,2,3,9,5
d002067,28,남,20,6,1,1,1,3,,6,,3,2,50,50130,26,26350,42,42210,4,2,2,4,2,3,6,1,인천광역시,제주,나홀로 여행,2022-10-02~2022-10-05,2,1,7,0
d009612,50,여,30,6,1,1,1,2,,4,,2,2,50,50110,11,11110,42,42170,3,3,4,4,4,1,7,7,제주특별자치도,제주,나홀로 여행,2022-11-05~2022-11-06,10,1,6,0
d004767,28,여,30,6,1,2,2,4,,5,5,2,1,50,50110,42,42210,50,50130,2,2,2,1,1,3,2,5,인천광역시,제주,2인 가족 여행,2022-10-10~2022-10-13,3,2,1,1
a006188,41,남,20,6,2,1,4,12,,1,1,2,1,11,11440,28,28260,42,42150,6,2,2,5,6,7,3,6,경기도,인천,2인 여행(가족 외),2022-10-07~2022-10-08,9,3,1,1
d003536,11,여,30,6,1,1,1,3,,6,,3,2,42,42150,50,50110,45,45110,2,2,3,1,6,3,1,3,서울특별시,제주,2인 여행(가족 외),2022-10-05~2022-10-10,3,2,1,1
c003292,30,여,40,5,1,2,3,2,,8,12,2,1,42,42150,26,26710,43,43150,5,1,2,2,2,6,2,2,대전광역시,전남,3인 이상 여행(가족 외),2022-10-01~2022-10-03,3,1,2,2
d000266,28,남,40,6,1,2,4,1,,6,10,3,5,50,50130,42,42210,28,28710,3,4,3,2,3,3,5,5,인천광역시,제주,3대 동반 여행(친척 포함),2022-08-18~2022-08-21,9,8,,8
d008023,41,여,20,5,1,1,4,9,,1,6,2,1,50,50110,26,26350,48,48310,3,1,1,1,4,1,7,7,경기도,제주,2인 여행(가족 외),2022-10-26~2022-10-31,1,2,5,1
d010450,41,남,40,6,1,2,4,3,,6,8,2,1,42,42210,43,43110,46,46130,2,4,1,4,5,6,2,6,경기도,제주,자녀 동반 여행,2022-11-01~2022-11-04,3,2,10,3
d001208,41,남,50,7,5,2,4,,3,9,12,3,3,50,50130,42,42150,48,48330,2,1,1,2,7,2,1,6,경기도,제주,자녀 동반 여행,2022-09-18~2022-09-22,2,3,4,3
d009936,50,여,30,5,1,2,4,3,,3,5,2,2,50,50110,50,50130,11,11110,2,6,3,4,3,4,6,2,제주특별자치도,제주,자녀 동반 여행,2022-10-29~2022-10-29,3,7,,3
d009529,11,여,20,6,1,1,3,2,,3,5,3,2,50,50110,26,26350,46,46770,6,2,2,5,6,3,6,6,서울특별시,제주,나홀로 여행,2022-11-03~2022-11-06,7,2,1,1
d003897,50,남,30,6,1,2,2,8,,5,6,2,2,50,50130,42,42150,26,26500,2,6,2,5,2,4,5,5,제주특별자치도,제주,2인 여행(가족 외),2022-10-21~2022-10-22,7,2,3,1
d010070,50,여,20,6,1,1,1,3,,5,,3,8,50,50110,50,50130,11,11560,4,2,2,4,6,2,1,2,제주특별자치도,제주,3인 이상 여행(가족 외),2022-10-29~2022-10-30,3,1,5,2
d007753,31,남,20,6,1,1,3,2,,2,4,3,1,50,50130,11,11710,11,11170,4,3,3,3,3,5,3,5,울산광역시,제주,2인 여행(가족 외),2022-10-30~2022-10-31,1,2,8,1
d000020,11,여,30,6,1,1,1,3,,4,,3,3,50,50130,50,50110,42,42820,4,1,1,3,4,4,2,7,서울특별시,제주,3인 이상 여행(가족 외),2022-08-05~2022-08-09,1,6,2,3
d010212,50,남,20,6,1,1,1,4,,4,,3,2,11,11680,26,26350,42,42760,7,1,1,1,1,6,5,7,제주특별자치도,제주,2인 여행(가족 외),2022-10-29~2022-10-30,2,5,1,1
d009214,41,남,30,6,1,1,1,8,,6,,3,3,50,50110,50,50130,28,28710,2,2,4,3,2,6,2,6,경기도,제주,나홀로 여행,2022-10-28~2022-10-29,2,1,6,0
c002245,11,여,60,4,1,2,2,,1,1,11,3,1,50,50130,46,46130,47,47130,4,2,1,2,3,2,2,5,서울특별시,전남,2인 가족 여행,2022-09-24~2022-09-25,2,1,4,1
d000824,11,여,30,5,1,1,4,2,,4,8,2,1,50,50110,26,26350,42,42830,3,1,1,5,1,1,1,5,서울특별시,제주,부모 동반 여행,2022-08-21~2022-08-26,2,3,10,4
d001872,41,여,30,6,1,1,1,2,,5,,3,5,42,42150,50,50130,26,26500,2,2,4,3,3,4,6,5,경기도,제주,나홀로 여행,2022-10-15~2022-10-18,1,7,,0
c000609,11,여,40,6,1,2,5,8,,5,5,3,2,42,42150,46,46130,41,41820,2,2,3,4,1,4,4,4,서울특별시,전남,3인 이상 여행(가족 외),2022-08-20~2022-08-22,2,,,3
d004733,50,남,40,4,1,2,4,4,,5,5,2,3,50,50130,11,11680,42,42830,4,1,1,1,1,7,1,7,제주특별자치도,제주,자녀 동반 여행,2022-10-29~2022-10-30,3,5,1,3
d005563,28,여,20,6,1,1,1,1,,5,,2,1,42,42150,26,26710,50,50110,4,2,2,4,4,4,2,6,인천광역시,제주,나홀로 여행,2022-10-21~2022-10-23,7,2,4,0
d000264,41,남,30,6,1,2,5,1,,7,7,3,4,42,42210,50,50110,41,41800,1,4,6,5,6,3,4,6,경기도,제주,3인 이상 여행(가족 외),2022-08-19~2022-08-22,7,1,3,2
c001519,11,남,30,7,2,2,4,3,,12,12,3,5,42,42210,42,42820,50,50130,1,1,4,3,3,3,3,5,서울특별시,충남,자녀 동반 여행,2022-09-04~2022-09-06,2,3,1,3
d002140,41,여,20,5,1,1,5,3,,4,9,3,3,42,42150,26,26500,47,47130,2,1,4,6,3,5,7,7,경기도,제주,나홀로 여행,2022-10-15~2022-10-18,4,10,2,0
d000408,11,남,30,6,1,1,1,,3,3,,3,3,50,50110,41,41820,50,50130,3,3,5,5,4,4,3,3,서울특별시,제주,나홀로 여행,2022-09-06~2022-09-08,2,1,7,0
a006623,41,남,40,5,1,2,2,13,,6,7,2,1,42,42210,50,50130,46,46170,2,2,2,3,2,4,5,6,경기도,인천,2인 가족 여행,2022-10-09~2022-10-09,1,3,2,1
d002120,41,남,20,6,2,1,1,12,,2,,3,2,47,47130,46,46130,42,42210,4,3,2,4,5,5,5,4,경기도,제주,부모 동반 여행,2022-10-07~2022-10-10,3,2,7,2
b004339,30,남,40,7,1,2,4,2,,12,12,2,4,50,50130,47,47130,48,48820,2,3,1,4,6,5,3,2,대전광역시,경남,자녀 동반 여행,2022-09-24~2022-09-25,8,3,2,3
d008122,50,여,20,5,1,1,1,4,,4,,2,5,50,50110,50,50130,26,26350,2,6,2,4,4,4,3,6,제주특별자치도,제주,2인 여행(가족 외),2022-10-27~2022-10-27,3,2,5,1
c000432,46,남,20,6,1,1,1,3,,5,,3,4,50,50110,50,50130,45,45110,2,1,1,3,6,2,6,2,전라남도,전남,2인 여행(가족 외),2022-08-20~2022-08-21,3,,,1
c003169,41,남,30,6,1,1,1,2,,6,,3,2,48,48220,50,50130,42,42170,4,3,2,4,5,3,5,6,경기도,충남,나홀로 여행,2022-10-01~2022-10-03,1,7,2,0
d009236,50,여,40,6,1,2,4,3,,4,6,3,3,11,11110,50,50110,47,47130,5,3,5,4,5,5,4,2,제주특별자치도,제주,자녀 동반 여행,2022-11-05~2022-11-06,7,1,2,3
a006382,28,여,20,6,1,1,2,1,,4,5,2,1,42,42210,50,50130,26,26290,3,1,2,1,1,1,1,5,인천광역시,서울,2인 가족 여행,2022-10-04~2022-10-04,4,1,2,1
b002523,30,남,20,6,2,1,4,,2,2,5,2,2,44,44180,47,47770,44,44210,4,4,1,2,6,7,2,6,대전광역시,경남,3인 이상 여행(가족 외),2022-08-19~2022-08-20,1,7,2,3
d009413,50,남,30,5,1,2,3,7,,4,5,4,1,11,11410,50,50130,50,50110,4,1,1,1,1,6,1,7,제주특별자치도,제주,3인 이상 여행(가족 외),2022-10-28~2022-10-30,2,7,1,2
d001641,11,여,20,6,1,1,4,3,,8,12,1,3,42,42150,50,50110,47,47130,6,2,2,2,6,6,5,7,서울특별시,제주,3인 이상 여행(가족 외),2022-09-23~2022-09-25,1,2,3,3
d005925,50,여,40,6,1,2,4,11,,1,7,2,1,50,50130,50,50110,11,11680,1,4,4,4,4,4,5,7,제주특별자치도,제주,자녀 동반 여행,2022-10-25~2022-10-27,10,3,2,3
d003061,50,여,20,7,1,1,4,3,,4,8,3,2,50,50110,50,50130,26,26110,4,3,2,5,5,3,2,7,제주특별자치도,제주,나홀로 여행,2022-10-10~2022-10-10,6,1,2,0
d004997,27,여,20,6,1,1,4,4,,4,9,3,3,50,50130,26,26500,26,26350,4,2,2,3,3,6,1,5,대구광역시,제주,2인 여행(가족 외),2022-10-16~2022-10-18,3,9,1,1
d000478,26,여,20,6,1,1,1,2,,4,,3,6,48,48310,50,50130,11,11560,3,5,2,5,6,4,6,5,부산광역시,제주,나홀로 여행,2022-08-23~2022-08-27,7,1,5,0
d001156,11,여,20,6,1,1,3,,3,6,12,3,3,28,28110,42,42150,50,50110,5,1,1,3,5,3,1,3,서울특별시,제주,2인 여행(가족 외),2022-09-13~2022-09-16,3,2,1,1
d001531,31,남,40,6,4,2,2,3,,12,12,2,1,50,50110,48,48310,47,47130,4,2,6,3,4,6,7,3,서울특별시,제주,3인 이상 여행(가족 외),2022-09-25~2022-09-27,2,4,7,3
d004953,42,여,30,6,1,1,1,3,,4,,3,2,50,50110,26,26350,42,42210,2,6,2,4,4,3,6,6,강원도,제주,부모 동반 여행,2022-10-09~2022-10-12,3,1,7,3
d001435,41,남,30,6,1,2,2,7,,6,11,2,3,42,42210,44,44180,50,50130,2,1,4,6,7,4,7,1,경기도,제주,2인 여행(가족 외),2022-09-15~2022-09-18,3,1,7,1
d006878,30,여,30,5,1,1,3,5,,4,9,2,2,50,50110,42,42150,42,42210,2,2,3,5,6,3,5,6,대전광역시,제주,나홀로 여행,2022-10-18~2022-10-20,1,7,2,0
d000774,27,여,30,6,1,1,2,2,,5,5,3,2,50,50110,41,41450,27,27710,1,1,1,1,1,3,1,6,대구광역시,제주,나홀로 여행,2022-08-31~2022-09-02,1,4,2,0
d001941,41,여,30,5,1,4,2,4,,2,4,3,6,50,50130,26,26380,41,41270,4,1,2,7,6,7,7,1,경기도,제주,3인 이상 여행(가족 외),2022-10-07~2022-10-10,9,3,2,7
d000136,41,여,40,6,1,2,2,2,,5,10,3,2,50,50130,26,26350,42,42230,6,3,3,1,1,5,2,5,경기도,제주,2인 가족 여행,2022-08-15~2022-08-17,2,3,1,1
d001180,41,남,40,7,1,2,2,3,,7,11,3,4,50,50110,50,50130,42,42130,4,1,3,1,3,6,6,5,경기도,제주,2인 여행(가족 외),2022-09-28~2022-09-30,2,1,3,1
d001115,41,여,30,7,1,1,2,2,,4,8,2,1,50,50130,42,42150,41,41830,3,4,2,2,5,5,3,3,경기도,제주,부모 동반 여행,2022-09-08~2022-09-11,1,,,2
a003933,11,남,20,6,1,1,2,3,,5,7,3,4,42,42150,50,50110,41,41820,4,2,3,3,5,6,2,3,서울특별시,인천,2인 여행(가족 외),2022-10-02~2022-10-04,2,3,1,1
d001549,30,남,30,6,1,2,4,5,,6,6,3,4,50,50130,42,42210,45,45110,4,3,5,5,3,5,3,5,대전광역시,제주,자녀 동반 여행,2022-09-22~2022-09-26,3,7,1,3
d001345,41,여,30,6,1,1,3,3,,5,9,3,5,50,50130,26,26350,48,48310,3,3,2,4,3,3,6,5,경기도,제주,2인 여행(가족 외),2022-09-25~2022-09-29,6,2,1,1
b000786,41,여,20,6,1,1,4,3,,3,8,3,2,26,26350,46,46130,42,42210,2,2,2,3,4,4,5,7,경기도,강원,2인 여행(가족 외),2022-09-06~2022-09-07,3,7,2,1
d006089,46,여,20,5,4,1,2,5,,4,6,3,2,11,11710,50,50110,29,29200,6,2,2,4,3,2,6,7,전라남도,제주,2인 여행(가족 외),2022-10-22~2022-10-24,7,1,5,1
b001010,28,남,50,6,1,2,3,5,,4,11,2,1,42,42210,42,42110,30,30200,3,4,2,4,3,3,3,4,인천광역시,경남,2인 여행(가족 외),2022-08-19~2022-08-21,3,8,1,1
d001439,26,여,30,6,4,2,2,3,,3,8,2,1,50,50110,48,48310,26,26440,3,4,3,4,5,4,6,5,부산광역시,제주,나홀로 여행,2022-09-23~2022-09-25,7,2,1,0
d007611,44,여,20,7,2,1,3,12,,3,6,3,3,50,50130,42,42830,44,44825,4,1,1,4,4,5,4,5,경기도,제주,2인 여행(가족 외),2022-10-26~2022-10-30,3,9,2,1
d002431,41,여,20,6,1,1,1,3,,4,,3,5,50,50130,46,46130,42,42150,3,1,2,4,4,5,4,7,경기도,제주,나홀로 여행,2022-10-11~2022-10-17,2,1,4,0
d004359,50,여,30,6,1,2,3,3,,5,10,3,4,26,26350,50,50130,50,50110,7,1,7,1,1,6,2,4,제주특별자치도,제주,자녀 동반 여행,2022-10-22~2022-10-23,3,2,1,2
d001597,11,여,40,6,1,1,1,3,,5,,3,8,50,50110,42,42150,26,26290,2,3,3,2,2,3,4,7,서울특별시,제주,2인 여행(가족 외),2022-09-29~2022-10-02,2,1,7,1
d001774,31,여,30,5,4,1,1,3,,4,,3,2,26,26710,42,42210,47,47130,2,2,2,4,4,6,5,6,울산광역시,제주,2인 가족 여행,2022-09-26~2022-09-29,1,6,2,1
d000729,41,여,20,6,3,1,4,9,,5,12,2,1,50,50110,50,50130,47,47130,2,1,4,4,6,2,4,7,경기도,제주,3대 동반 여행(친척 포함),2022-09-06~2022-09-08,2,10,1,3
c000855,43,여,30,5,1,1,1,3,,4,,3,6,50,50110,42,42150,47,47130,2,4,3,2,3,2,4,5,충청북도,충남,나홀로 여행,2022-08-28~2022-08-30,2,1,8,0
d002533,11,남,20,6,1,1,1,2,,6,,3,6,50,50110,28,28710,41,41360,2,2,3,2,3,4,5,6,서울특별시,제주,3인 이상 여행(가족 외),2022-10-06~2022-10-10,6,3,7,3
b015445,48,여,20,6,1,1,2,1,,5,8,2,1,48,48220,42,42150,50,50110,2,1,2,3,3,4,4,5,경기도,경남,나홀로 여행,2022-10-29~2022-10-29,2,1,7,0
d007149,46,여,20,6,1,1,3,13,,1,4,3,5,11,11680,50,50130,46,46130,3,5,2,3,5,5,6,7,전라남도,제주,2인 여행(가족 외),2022-10-24~2022-10-27,2,1,7,1
d012290,50,남,40,6,1,2,3,2,,5,5,3,1,50,50130,42,42210,48,48840,5,2,4,5,3,3,5,4,제주특별자치도,제주,3인 이상 여행(가족 외),2022-11-13~2022-11-13,3,1,2,2
b002597,41,남,30,7,1,1,3,3,,3,5,3,4,47,47130,42,42150,50,50110,6,2,3,4,6,3,2,6,경기도,경남,나홀로 여행,2022-08-20~2022-08-21,2,8,1,0
d001640,50,여,20,6,1,1,5,3,,6,10,2,1,50,50110,50,50130,26,26350,4,2,3,4,5,4,3,6,제주특별자치도,제주,부모 동반 여행,2022-09-22~2022-09-23,2,3,1,3
d009281,50,여,40,6,1,2,3,3,,3,7,3,4,50,50130,50,50110,46,46110,4,3,2,4,5,4,4,4,제주특별자치도,제주,부모 동반 여행,2022-10-28~2022-10-29,3,2,1,4
d000683,11,여,20,6,1,1,3,,3,4,7,3,3,50,50130,50,50110,26,26110,3,2,2,4,3,6,5,6,경기도,제주,2인 여행(가족 외),2022-08-22~2022-08-29,2,7,3,1
d006874,11,남,30,6,1,1,1,3,,5,,3,2,50,50110,47,47130,45,45110,6,2,2,3,5,3,5,5,서울특별시,제주,나홀로 여행,2022-10-27~2022-10-29,1,2,7,0
d000240,11,남,40,6,1,1,1,2,,9,,3,10,50,50130,42,42110,41,41390,2,6,3,2,5,5,2,5,서울특별시,제주,나홀로 여행,2022-08-21~2022-08-25,1,6,7,0
a001824,11,여,30,6,1,1,3,3,,5,7,3,14,42,42210,50,50130,46,46130,2,2,3,4,7,3,3,4,서울특별시,인천,2인 여행(가족 외),2022-09-11~2022-09-11,2,1,,1
d012331,50,여,40,6,1,2,4,2,,1,10,2,5,50,50130,50,50110,11,11680,3,3,3,3,4,4,2,6,제주특별자치도,제주,나홀로 여행,2022-11-11~2022-11-11,1,7,2,0
d002717,41,여,30,7,1,2,4,2,,3,7,2,1,41,41820,42,42150,11,11170,3,5,3,5,4,5,5,6,경기도,제주,3대 동반 여행(친척 포함),2022-10-15~2022-10-18,9,3,2,9
d003719,30,여,50,6,1,2,3,13,,6,6,2,1,42,42150,50,50130,44,44230,2,2,1,2,2,6,2,3,대전광역시,제주,3인 이상 여행(가족 외),2022-10-14~2022-10-16,3,1,2,6
d000818,11,남,30,6,1,1,1,3,,5,,3,2,50,50110,26,26350,42,42150,2,1,1,3,2,2,3,2,서울특별시,제주,2인 여행(가족 외),2022-08-28~2022-08-30,3,2,1,1
d000473,11,여,30,6,1,2,2,3,,5,9,3,5,50,50130,42,42150,27,27230,3,3,2,6,6,2,7,7,서울특별시,제주,2인 가족 여행,2022-08-20~2022-08-22,2,1,9,1
d009294,48,여,20,5,1,1,4,5,,3,8,3,5,26,26350,47,47130,50,50110,4,4,3,2,4,4,1,7,경상남도,제주,2인 여행(가족 외),2022-11-03~2022-11-05,1,3,5,1
b014337,48,여,60,4,1,2,4,9,,3,4,2,1,48,48890,48,48310,47,47130,1,6,6,2,2,6,2,2,경상남도,경남,3인 이상 여행(가족 외),2022-10-29~2022-10-30,3,6,10,4
d000998,44,여,40,5,1,1,3,3,,4,4,3,3,50,50130,27,27260,30,30200,1,1,7,1,1,1,7,2,충청남도,제주,2인 여행(가족 외),2022-08-27~2022-08-29,7,2,6,1
a000572,11,여,30,7,1,1,1,3,,6,,3,4,50,50130,42,42770,42,42210,6,6,6,5,6,5,5,2,서울특별시,인천,나홀로 여행,2022-08-27~2022-08-28,1,2,7,0
a001131,28,남,40,8,1,2,2,2,,5,6,2,3,50,50110,42,42170,26,26710,1,1,6,2,1,1,6,4,인천광역시,경기,3인 이상 여행(가족 외),2022-09-05~2022-09-05,2,1,7,2
d006140,45,남,30,6,1,2,4,7,,4,4,3,3,50,50130,50,50110,42,42150,2,1,1,6,6,2,7,4,전라북도,제주,자녀 동반 여행,2022-10-16~2022-10-21,2,3,1,3
d001523,11,남,30,6,1,1,1,3,,6,,3,5,42,42210,41,41360,28,28710,6,6,1,4,5,6,1,7,서울특별시,제주,3인 이상 여행(가족 외),2022-09-29~2022-10-02,6,10,,5
d001270,41,여,20,6,2,1,5,6,,2,5,2,2,50,50130,26,26710,41,41450,3,1,1,3,3,5,6,7,경기도,제주,부모 동반 여행,2022-09-30~2022-10-03,2,1,3,3
d006933,50,여,40,4,1,1,1,2,,5,,3,3,11,11410,48,48840,50,50110,2,3,5,5,1,3,6,2,제주특별자치도,제주,나홀로 여행,2022-10-29~2022-10-30,1,2,10,0
d002545,11,여,40,7,1,1,2,2,,6,7,2,1,42,42150,50,50130,28,28710,2,2,1,1,6,1,7,3,서울특별시,제주,2인 여행(가족 외),2022-10-02~2022-10-04,2,8,7,1
a001299,41,여,30,6,1,1,4,3,,5,12,3,1,50,50130,26,26350,42,42150,6,1,4,1,4,3,3,4,서울특별시,인천,3인 이상 여행(가족 외),2022-09-02~2022-09-04,3,1,2,3
d010326,47,남,30,5,1,1,1,9,,5,,3,2,11,11440,50,50110,26,26350,5,1,1,1,4,1,1,5,경상북도,제주,2인 여행(가족 외),2022-10-31~2022-11-04,1,2,7,1
d003364,11,여,30,5,1,1,4,2,,4,12,2,1,42,42150,44,44150,26,26350,5,1,2,4,5,3,3,6,서울특별시,제주,나홀로 여행,2022-10-16~2022-10-18,4,2,1,0
d005179,50,여,40,7,1,2,3,11,,1,7,2,2,50,50110,50,50130,11,11680,2,7,2,2,5,3,2,4,제주특별자치도,제주,자녀 동반 여행,2022-10-22~2022-10-23,3,8,2,2
c002687,11,여,40,6,1,1,2,4,,5,5,3,3,42,42820,41,41830,44,44825,2,2,6,4,2,6,5,2,서울특별시,충남,3인 이상 여행(가족 외),2022-09-23~2022-09-24,2,3,1,3
d004191,45,여,20,4,1,1,5,4,,4,10,3,5,50,50130,26,26350,28,28237,2,1,1,5,4,2,2,7,전라북도,제주,2인 가족 여행,2022-10-24~2022-10-27,10,2,3,1
d003199,48,여,30,6,1,2,2,3,,1,6,3,5,50,50130,50,50110,26,26350,6,2,3,3,2,5,3,6,경상남도,제주,2인 여행(가족 외),2022-10-10~2022-10-13,3,1,2,1
d001755,11,남,50,6,1,4,2,13,,4,6,2,1,50,50130,50,50110,31,31710,1,1,2,3,2,4,3,6,서울특별시,제주,나홀로 여행,2022-10-01~2022-10-02,6,2,4,0
c002434,41,남,30,6,1,1,3,3,,5,7,2,1,50,50110,42,42150,11,11230,1,1,2,1,2,2,2,5,경기도,충남,2인 여행(가족 외),2022-09-18~2022-09-19,3,2,1,1
d006067,50,남,40,6,1,2,3,3,,5,8,2,2,11,11440,11,11710,50,50130,5,4,2,5,5,4,2,5,제주특별자치도,제주,3인 이상 여행(가족 외),2022-10-22~2022-10-23,3,1,7,2
d004970,50,여,40,7,1,2,2,2,,2,6,3,1,11,11440,50,50130,27,27710,1,1,1,4,4,1,6,1,제주특별자치도,제주,2인 가족 여행,2022-10-17~2022-10-24,2,3,10,1
d004635,11,남,30,4,1,2,4,4,,6,10,3,4,44,44825,42,42150,41,41820,1,7,1,4,4,1,7,7,서울특별시,제주,나홀로 여행,2022-10-25~2022-10-27,7,2,4,1
d003090,44,여,30,6,1,1,1,2,,5,,1,1,11,11560,44,44130,41,41110,4,3,6,2,4,2,3,5,충청남도,제주,나홀로 여행,2022-10-04~2022-10-08,2,1,4,0
d010527,29,여,30,5,1,2,3,11,,1,5,3,5,46,46130,48,48310,50,50130,6,6,1,1,2,5,6,7,광주광역시,제주,3인 이상 여행(가족 외),2022-10-30~2022-11-02,9,3,1,4
a007586,28,남,30,5,1,2,3,3,,5,5,2,3,42,42150,41,41390,44,44150,4,4,3,4,4,3,1,6,인천광역시,경기,자녀 동반 여행,2022-10-22~2022-10-22,1,6,5,2
c003198,11,여,20,6,1,1,3,3,,5,8,2,2,41,41360,50,50110,42,42210,2,2,1,1,2,2,2,7,서울특별시,충남,부모 동반 여행,2022-09-24~2022-09-25,7,5,1,2
d003053,50,여,30,6,1,2,4,3,,4,6,2,2,50,50110,50,50130,48,48250,4,4,4,5,4,4,5,2,제주특별자치도,제주,자녀 동반 여행,2022-10-14~2022-10-29,3,2,8,3
d004329,50,여,50,7,1,1,1,3,,4,,2,1,50,50130,42,42150,46,46720,1,4,4,2,4,1,2,6,제주특별자치도,제주,나홀로 여행,2022-10-15~2022-10-16,7,2,4,1
d010305,11,여,30,5,1,1,1,2,,2,,3,2,50,50110,50,50130,42,42150,2,2,3,2,1,5,1,6,서울특별시,제주,2인 여행(가족 외),2022-10-31~2022-11-03,2,1,3,1
a001266,11,남,30,6,1,1,3,2,,4,6,3,3,42,42210,27,27260,26,26170,2,6,6,4,3,6,7,2,서울특별시,인천,나홀로 여행,2022-09-03~2022-09-04,1,7,10,1
d003436,50,여,30,6,1,2,2,3,,6,7,2,1,42,42150,50,50110,11,11680,1,1,1,5,1,7,6,7,제주특별자치도,제주,나홀로 여행,2022-10-23~2022-10-25,5,2,4,1
a006642,11,여,30,6,1,1,3,3,,3,5,3,3,42,42150,26,26350,47,47130,1,3,1,1,3,2,1,7,서울특별시,인천,나홀로 여행,2022-10-11~2022-10-11,2,1,5,0
d012336,50,여,20,6,1,1,1,2,,5,,2,1,50,50110,50,50130,11,11440,1,2,4,4,4,4,4,5,제주특별자치도,제주,2인 여행(가족 외),2022-11-12~2022-11-12,3,2,1,1
a004320,41,남,40,5,4,2,2,7,,1,5,2,4,42,42770,42,42170,41,41550,1,1,1,4,4,1,2,7,경기도,인천,2인 여행(가족 외),2022-10-08~2022-10-08,3,5,2,1
d004807,11,여,20,6,1,1,1,2,,3,,3,2,50,50110,42,42150,48,48220,2,1,2,6,4,5,6,3,서울특별시,제주,2인 여행(가족 외),2022-10-19~2022-10-22,1,3,2,1
a003802,41,남,30,6,1,1,1,2,,7,,2,1,50,50130,42,42820,47,47190,2,2,2,4,6,2,4,5,경기도,인천,2인 여행(가족 외),2022-09-29~2022-09-30,3,7,1,1
d002237,26,여,20,6,1,1,4,3,,4,8,2,1,47,47130,48,48840,48,48120,4,3,2,2,4,4,2,6,서울특별시,제주,2인 여행(가족 외),2022-10-18~2022-10-20,1,2,3,1
d000086,11,남,40,6,1,2,3,2,,6,6,3,2,50,50130,42,42210,42,42150,4,4,2,2,2,3,2,1,서울특별시,제주,3인 이상 여행(가족 외),2022-08-14~2022-08-17,2,1,3,2
d010612,11,여,40,5,1,2,3,11,,3,12,2,1,50,50130,42,42230,42,42210,1,1,1,3,3,1,2,7,서울특별시,제주,3인 이상 여행(가족 외),2022-10-29~2022-10-31,2,1,3,2
b005480,26,남,30,6,1,2,2,3,,6,9,2,6,42,42150,48,48840,46,46130,2,1,1,2,2,1,2,7,부산광역시,경남,나홀로 여행,2022-09-29~2022-09-30,2,1,4,1
d002193,29,여,20,6,1,1,4,3,,4,6,2,3,26,26350,46,46880,46,46130,4,2,4,1,4,6,2,7,광주광역시,제주,3인 이상 여행(가족 외),2022-10-08~2022-10-10,3,1,5,2
d001019,11,남,30,6,1,1,3,,3,5,6,2,1,50,50110,26,26350,46,46150,4,1,2,5,2,4,5,7,서울특별시,제주,나홀로 여행,2022-08-26~2022-08-29,1,7,6,0
d009451,50,남,50,6,1,2,2,1,,2,2,1,1,50,50110,50,50130,30,30200,4,6,2,2,2,2,1,4,제주특별자치도,제주,나홀로 여행,2022-11-03~2022-11-04,4,2,1,0
d009223,50,남,40,6,4,1,1,13,,4,,2,1,50,50130,26,26350,11,11110,1,2,2,2,2,2,2,6,제주특별자치도,제주,나홀로 여행,2022-10-27~2022-10-27,1,2,5,0
d005999,43,여,20,5,1,1,3,4,,4,9,3,7,50,50130,26,26350,42,42230,1,1,1,2,4,6,1,7,충청북도,제주,부모 동반 여행,2022-10-17~2022-10-20,3,2,9,3
d001354,11,여,30,7,1,4,1,,3,1,,2,2,50,50110,42,42820,42,42150,2,2,4,2,2,4,5,7,서울특별시,제주,나홀로 여행,2022-09-11~2022-09-14,1,2,4,0
d001232,28,남,20,6,1,1,2,,3,4,4,4,1,42,42150,26,26350,50,50110,4,1,3,3,4,5,5,3,인천광역시,제주,나홀로 여행,2022-09-19~2022-09-21,7,1,2,0
d003200,50,여,20,6,2,1,1,12,,2,,2,2,50,50110,50,50130,11,11710,4,6,1,3,6,4,6,3,제주특별자치도,제주,2인 여행(가족 외),2022-10-09~2022-10-09,1,3,7,1
d002565,31,여,20,6,1,2,1,2,,4,,2,1,11,11680,50,50110,42,42150,4,2,2,2,4,4,5,6,울산광역시,제주,2인 여행(가족 외),2022-10-29~2022-10-31,3,9,5,1
a002298,11,여,30,6,1,1,3,3,,4,6,2,1,50,50110,46,46130,43,43110,4,1,1,1,4,3,5,6,서울특별시,인천,나홀로 여행,2022-09-18~2022-09-18,2,10,1,0
d012310,50,여,30,7,4,2,4,11,,1,12,3,3,11,11710,50,50130,50,50110,5,6,6,6,6,6,6,7,제주특별자치도,제주,자녀 동반 여행,2022-11-12~2022-11-12,3,2,4,5
d009728,41,여,40,7,5,4,3,2,,4,4,3,5,41,41270,26,26290,50,50130,4,1,1,7,7,7,7,7,경기도,제주,자녀 동반 여행,2022-11-01~2022-11-05,7,3,6,4
d003333,48,여,20,6,3,1,4,12,,2,3,3,3,50,50110,47,47130,27,27200,3,1,1,3,2,5,6,7,경상남도,제주,3대 동반 여행(친척 포함),2022-10-07~2022-10-09,9,1,2,9
c000873,11,남,30,5,1,1,1,,3,4,,3,10,48,48220,46,46130,42,42820,1,1,2,4,6,4,2,7,서울특별시,충남,2인 여행(가족 외),2022-08-29~2022-08-31,1,7,2,1
d006234,50,여,30,7,1,1,1,5,,5,,1,1,42,42830,31,31710,50,50130,3,3,2,3,4,4,4,5,제주특별자치도,제주,나홀로 여행,2022-10-25~2022-10-27,6,2,7,1
c004164,27,남,20,6,1,1,1,1,,4,,3,4,50,50130,47,47770,46,46130,1,5,1,1,1,2,7,7,대구광역시,충남,나홀로 여행,2022-10-08~2022-10-09,1,2,5,0
d002782,26,여,20,7,2,1,4,12,,2,10,3,3,11,11440,50,50130,47,47130,5,3,3,5,4,3,6,3,부산광역시,제주,2인 여행(가족 외),2022-10-16~2022-10-18,10,2,1,1
d010496,28,여,20,6,3,1,3,12,,1,7,3,1,50,50110,26,26350,46,46130,5,1,2,1,5,4,1,6,서울특별시,제주,부모 동반 여행,2022-11-03~2022-11-05,3,1,5,2
d000827,41,여,20,6,1,1,1,3,,4,,3,1,26,26350,42,42150,50,50110,1,1,1,6,7,4,7,3,경기도,제주,나홀로 여행,2022-08-20~2022-08-24,1,2,4,0
b000993,26,여,20,6,1,1,3,3,,5,7,2,1,50,50110,11,11680,48,48310,2,1,4,2,1,5,5,6,부산광역시,경남,부모 동반 여행,2022-08-21~2022-08-22,2,3,1,2
b005651,26,남,20,4,1,1,4,12,,2,9,2,1,50,50110,47,47130,48,48310,2,3,1,2,4,2,6,5,부산광역시,경남,나홀로 여행,2022-10-15~2022-10-16,1,2,4,0
d006281,26,여,30,6,1,1,4,4,,4,8,3,4,50,50130,47,47130,11,11140,2,2,2,1,3,3,2,3,부산광역시,제주,3인 이상 여행(가족 외),2022-10-16~2022-10-19,2,1,3,4
d001202,11,여,20,5,1,1,3,,3,4,4,3,3,50,50130,50,50110,27,27260,3,2,1,4,2,2,5,5,서울특별시,제주,나홀로 여행,2022-09-13~2022-09-16,2,4,7,1
d001999,41,남,30,4,1,2,5,8,,6,6,3,8,42,42210,44,44270,44,44210,2,1,4,6,4,4,2,4,경기도,제주,자녀 동반 여행,2022-10-24~2022-10-28,3,7,1,4
d005909,50,여,20,6,1,1,1,3,,4,,3,6,11,11440,26,26350,46,46150,2,2,3,3,5,6,6,6,제주특별자치도,제주,나홀로 여행,2022-10-13~2022-10-14,1,7,2,0
d000162,30,여,20,6,1,1,1,2,,3,,2,1,11,11230,27,27170,47,47130,1,1,1,5,4,4,6,7,서울특별시,제주,3인 이상 여행(가족 외),2022-08-19~2022-08-21,2,1,7,2
d006991,50,남,40,6,1,2,4,2,,5,7,2,1,11,11680,47,47130,11,11230,7,1,7,4,7,6,1,7,제주특별자치도,제주,자녀 동반 여행,2022-10-29~2022-10-30,7,3,1,5
d001476,11,여,30,6,1,1,2,2,,7,9,2,1,50,50110,42,42210,50,50130,2,2,2,2,5,2,3,2,서울특별시,제주,3인 이상 여행(가족 외),2022-10-01~2022-10-03,2,1,3,5
d005539,50,여,40,5,1,2,3,4,,4,7,3,3,11,11230,47,47110,26,26350,1,2,2,5,4,4,6,4,제주특별자치도,제주,나홀로 여행,2022-10-15~2022-10-16,1,2,4,1
d007852,50,여,20,6,1,1,2,2,,4,4,1,1,50,50130,26,26350,11,11680,1,1,1,6,7,1,7,7,제주특별자치도,제주,나홀로 여행,2022-10-30~2022-10-31,1,7,2,0
d004511,50,여,20,4,1,1,2,5,,3,5,1,2,42,42110,46,46110,44,44130,1,1,4,6,3,3,6,2,제주특별자치도,제주,나홀로 여행,2022-10-18~2022-10-20,2,1,4,0
a001613,41,여,30,5,1,2,2,2,,4,8,3,5,42,42150,43,43800,26,26350,3,4,3,1,3,4,2,4,경기도,인천,나홀로 여행,2022-09-09~2022-09-09,2,1,8,1
d002457,41,여,20,6,1,1,3,2,,4,9,3,4,50,50110,50,50130,42,42150,5,1,3,2,5,2,7,5,경기도,제주,3인 이상 여행(가족 외),2022-10-09~2022-10-11,3,2,1,4
d001651,30,여,30,6,1,1,1,2,,5,,3,2,50,50110,11,11680,42,42210,3,1,2,1,2,2,7,6,대전광역시,제주,부모 동반 여행,2022-09-23~2022-09-25,3,9,1,4
d002812,11,여,30,6,1,5,1,3,,4,,2,1,42,42150,44,44180,50,50110,2,2,2,2,6,6,6,6,서울특별시,제주,나홀로 여행,2022-10-04~2022-10-07,7,4,2,0
d000971,11,남,30,6,1,2,2,4,,4,9,3,3,50,50110,42,42230,44,44770,3,1,6,4,1,1,6,2,서울특별시,인천,2인 가족 여행,2022-09-06~2022-09-07,3,1,2,1
d005775,50,남,20,5,3,1,4,12,,1,7,3,1,11,11680,26,26350,50,50110,4,4,4,4,3,4,3,3,제주특별자치도,제주,나홀로 여행,2022-10-16~2022-10-17,2,7,1,0
d003948,50,여,30,6,1,1,3,4,,5,12,2,1,26,26350,50,50110,42,42150,4,2,1,1,5,3,4,6,제주특별자치도,제주,2인 여행(가족 외),2022-10-19~2022-10-21,1,2,3,1
d001447,11,여,20,6,3,1,5,12,,2,12,2,1,42,42210,48,48310,50,50130,2,4,3,2,4,3,6,6,서울특별시,제주,2인 여행(가족 외),2022-09-29~2022-10-01,1,3,7,1
d006383,11,여,40,7,1,1,3,1,,8,12,2,1,41,41820,42,42150,50,50110,1,1,1,4,1,1,6,4,서울특별시,제주,나홀로 여행,2022-10-22~2022-10-23,2,,,0
a005372,27,남,20,6,2,1,3,12,,2,5,2,2,42,42150,50,50130,46,46150,2,1,3,2,3,6,6,6,대구광역시,인천,3인 이상 여행(가족 외),2022-10-08~2022-10-09,3,2,1,5
d003519,44,남,20,6,2,1,5,12,,2,5,3,2,50,50130,11,11500,26,26350,4,4,4,4,1,3,6,3,충청남도,제주,나홀로 여행,2022-10-20~2022-10-22,2,7,1,0
c000784,11,남,40,6,1,2,3,4,,4,7,2,1,42,42150,42,42820,50,50110,4,2,6,6,4,3,2,2,서울특별시,전남,3대 동반 여행(친척 포함),2022-08-19~2022-08-21,9,3,1,7
b005360,48,여,50,7,1,4,1,2,,5,,3,2,42,42210,28,28710,50,50130,2,3,4,4,2,4,2,2,경상남도,경남,3대 동반 여행(친척 포함),2022-10-02~2022-10-03,2,1,3,3
a000882,11,여,30,6,1,2,4,3,,6,11,2,1,42,42820,11,11110,26,26710,3,2,1,1,2,3,4,2,서울특별시,인천,자녀 동반 여행,2022-09-05~2022-09-07,1,2,7,3
c001010,46,여,20,6,1,1,4,,3,1,10,2,2,46,46910,46,46130,11,11680,1,1,1,7,6,1,7,5,전라남도,전남,나홀로 여행,2022-08-31~2022-09-02,1,7,4,0
c001754,27,남,30,6,1,2,3,1,,5,5,3,4,50,50130,50,50110,48,48310,2,1,4,4,6,6,2,6,대구광역시,전남,3대 동반 여행(친척 포함),2022-08-31~2022-09-01,2,3,1,3
d007783,50,남,30,6,1,1,2,4,,3,7,3,10,41,41170,41,41830,43,43150,4,4,2,4,4,4,6,6,제주특별자치도,제주,2인 여행(가족 외),2022-10-25~2022-10-25,1,2,3,1
a008015,41,여,50,6,1,2,4,3,,4,8,2,2,41,41390,41,41190,42,42210,2,6,1,6,3,3,2,2,경기도,인천,2인 가족 여행,2022-10-23~2022-10-23,6,1,7,1
d002998,11,여,20,6,1,1,1,2,,6,,2,1,50,50110,50,50130,42,42830,4,1,2,4,5,4,2,5,서울특별시,제주,2인 여행(가족 외),2022-10-10~2022-10-13,2,1,3,1
d011394,47,여,30,7,1,2,3,2,,7,12,2,1,50,50130,42,42150,11,11650,6,4,6,4,4,6,5,4,경상북도,제주,자녀 동반 여행,2022-11-03~2022-11-07,3,8,1,2
c000137,11,여,50,5,1,2,3,,1,1,7,2,1,28,28110,42,42780,50,50130,1,6,2,4,6,2,4,3,서울특별시,전남,3인 이상 여행(가족 외),2022-08-17~2022-08-20,9,3,8,3
d002881,50,여,30,6,1,2,2,2,,3,4,4,3,11,11710,47,47130,29,29140,5,3,1,3,6,4,6,5,제주특별자치도,제주,2인 가족 여행,2022-10-08~2022-10-08,3,7,1,1
b003123,41,여,20,6,1,1,3,3,,5,11,2,1,50,50110,42,42830,46,46150,4,2,1,4,6,1,2,2,경기도,경남,2인 여행(가족 외),2022-08-31~2022-09-02,1,3,9,1
d002801,11,여,20,6,1,1,1,3,,3,,3,4,45,45110,27,27110,47,47130,2,3,4,3,3,4,5,5,서울특별시,제주,나홀로 여행,2022-10-03~2022-10-06,1,7,4,0
d003167,50,남,40,5,1,2,2,3,,4,5,2,1,50,50130,50,50110,11,11110,1,1,1,4,7,5,1,4,제주특별자치도,제주,나홀로 여행,2022-10-03~2022-10-03,1,3,6,1
d003063,50,여,30,5,1,1,1,4,,3,,2,4,50,50110,50,50130,30,30170,2,5,2,4,5,3,6,5,제주특별자치도,제주,나홀로 여행,2022-10-26~2022-10-27,1,4,2,0
d001705,28,여,20,5,1,1,3,4,,4,5,3,2,50,50110,48,48310,26,26350,2,1,2,3,4,4,7,5,인천광역시,제주,2인 여행(가족 외),2022-09-28~2022-09-30,3,1,7,1
d004697,11,남,20,6,4,1,1,13,,2,,3,1,50,50110,42,42150,26,26140,2,4,3,5,6,2,7,5,서울특별시,제주,나홀로 여행,2022-10-12~2022-10-14,1,7,10,0
d001572,26,남,30,6,1,1,1,3,,5,,2,1,11,11110,50,50110,46,46730,6,2,2,4,2,5,4,1,부산광역시,제주,2인 여행(가족 외),2022-09-23~2022-09-26,3,1,2,1
d010523,41,남,20,5,1,1,4,2,,3,7,3,4,42,42830,42,42150,42,42170,1,4,4,7,4,2,2,5,경기도,제주,나홀로 여행,2022-11-02~2022-11-04,4,2,1,0
a007125,11,남,50,6,1,2,4,1,,4,4,3,4,42,42150,50,50130,26,26350,2,2,4,2,2,4,2,4,서울특별시,제주,2인 가족 여행,2022-11-02~2022-11-04,1,6,2,1
d002225,29,여,20,6,1,1,3,12,,2,5,3,2,11,11710,50,50110,42,42210,6,1,1,1,3,5,6,6,인천광역시,제주,3인 이상 여행(가족 외),2022-10-01~2022-10-04,3,9,1,1
a000559,11,여,30,6,1,1,4,3,,5,10,3,6,50,50110,46,46130,26,26710,2,3,2,2,2,3,4,6,서울특별시,인천,부모 동반 여행,2022-08-21~2022-08-22,2,1,3,3
c003979,11,여,20,6,1,1,3,2,,5,6,2,2,44,44825,50,50130,42,42210,3,2,2,2,6,3,3,4,서울특별시,충남,3인 이상 여행(가족 외),2022-10-02~2022-10-03,7,1,3,3
d004582,11,여,20,5,1,1,2,4,,4,4,2,1,50,50110,26,26350,46,46130,2,2,3,3,5,5,5,7,서울특별시,제주,2인 여행(가족 외),2022-10-10~2022-10-12,3,2,5,1
d002228,41,여,30,5,1,1,3,3,,6,12,3,1,26,26350,50,50130,42,42170,5,4,4,2,3,4,5,2,경기도,제주,부모 동반 여행,2022-10-09~2022-10-11,2,3,,2
d004156,50,남,20,6,1,1,4,3,,3,8,2,1,50,50110,11,11410,26,26530,2,6,2,3,2,3,6,3,제주특별자치도,제주,나홀로 여행,2022-10-21~2022-10-23,8,7,1,0
d001675,50,여,30,6,1,2,4,11,,2,6,3,5,50,50130,11,11740,26,26350,4,1,3,3,6,4,6,2,제주특별자치도,제주,자녀 동반 여행,2022-09-30~2022-10-02,3,1,7,3
d007384,50,남,20,4,1,1,1,4,,4,,3,5,50,50130,50,50110,41,41820,5,1,4,3,6,5,6,4,제주특별자치도,제주,2인 여행(가족 외),2022-10-31~2022-11-01,7,1,3,1
d006944,11,남,20,6,1,1,1,2,,4,,3,5,42,42210,50,50130,45,45110,3,2,4,2,5,4,3,6,서울특별시,제주,2인 여행(가족 외),2022-10-23~2022-10-25,2,1,3,1
b014639,11,여,30,6,1,1,1,4,,3,,3,3,50,50130,50,50110,26,26230,4,3,3,4,6,3,6,4,서울특별시,부산,나홀로 여행,2022-10-28~2022-10-29,7,2,1,0
d004081,50,남,40,6,1,2,4,3,,6,6,1,1,50,50110,50,50130,11,11215,2,6,2,2,6,2,3,2,제주특별자치도,제주,3인 이상 여행(가족 외),2022-10-08~2022-10-10,3,8,4,3
d003974,26,여,30,5,3,1,2,3,,5,8,3,8,50,50110,48,48170,42,42130,3,1,2,1,7,6,2,7,부산광역시,제주,2인 여행(가족 외),2022-10-12~2022-10-16,3,6,7,1
d000918,28,남,30,6,1,1,1,5,,5,,3,4,28,28720,50,50110,46,46150,1,1,3,6,4,1,6,3,인천광역시,도서 지역,3인 이상 여행(가족 외),2022-08-27~2022-08-29,3,7,1,2
d001936,11,여,20,5,1,1,4,3,,4,9,2,2,50,50110,42,42150,42,42210,1,1,5,3,4,5,6,7,서울특별시,제주,나홀로 여행,2022-10-02~2022-10-07,7,1,4,0
c003161,11,여,40,5,1,2,2,3,,5,9,2,1,42,42210,41,41650,42,42820,1,1,1,1,2,5,1,4,서울특별시,충남,2인 가족 여행,2022-09-24~2022-09-25,2,3,1,1
d005056,50,여,40,7,1,4,2,2,,5,7,2,2,42,42210,26,26350,50,50130,7,5,6,6,6,6,5,5,제주특별자치도,제주,2인 여행(가족 외),2022-10-14~2022-10-15,1,8,3,1
d011298,41,여,30,6,1,2,3,3,,1,6,3,2,42,42170,42,42750,50,50110,1,4,1,3,3,2,6,1,경기도,제주,자녀 동반 여행,2022-11-02~2022-11-04,7,3,6,1
d001332,29,여,40,6,1,2,2,3,,3,5,3,2,42,42210,50,50110,46,46710,1,4,2,4,1,2,6,6,광주광역시,제주,나홀로 여행,2022-09-29~2022-09-30,2,1,7,0
b012056,43,여,30,6,1,1,2,3,,4,6,2,3,50,50130,43,43760,44,44180,2,2,4,3,4,3,3,5,충청북도,경남,2인 여행(가족 외),2022-10-29~2022-10-30,1,2,7,1
d004426,50,남,40,7,1,2,3,2,,2,3,3,1,50,50110,50,50130,26,26200,4,4,4,4,4,4,6,6,제주특별자치도,제주,자녀 동반 여행,2022-10-28~2022-10-30,3,1,10,2
d000347,41,여,30,4,1,4,2,3,,5,6,2,1,42,42210,42,42230,50,50130,2,1,1,1,1,4,6,7,경기도,제주,2인 여행(가족 외),2022-08-27~2022-08-31,2,3,1,1
d000924,36,남,20,6,1,1,1,3,,4,,2,1,11,11680,42,42130,50,50110,6,2,2,6,6,2,2,6,세종특별자치시,제주,2인 여행(가족 외),2022-09-01~2022-09-03,2,7,1,1
b006856,26,여,20,6,1,1,1,2,,3,,3,5,26,26710,48,48120,11,11680,2,5,4,4,4,4,5,3,부산광역시,경남,나홀로 여행,2022-10-29~2022-10-29,1,7,2,0
d000751,44,여,20,6,1,1,5,4,,4,6,2,1,50,50110,42,42210,30,30140,3,1,2,1,3,5,1,6,충청남도,제주,2인 여행(가족 외),2022-09-02~2022-09-08,2,1,3,1
a008468,11,여,20,6,1,1,4,2,,5,12,3,4,42,42230,46,46130,50,50110,2,4,2,2,4,4,6,5,서울특별시,인천,2인 여행(가족 외),2022-10-28~2022-10-29,3,2,1,1
d001031,11,여,30,6,1,1,3,,3,2,5,2,1,47,47130,42,42130,27,27260,4,5,3,2,4,3,3,3,서울특별시,제주,부모 동반 여행,2022-09-06~2022-09-08,2,9,1,3
d004865,48,남,40,6,1,2,4,1,,7,7,2,2,46,46130,31,31170,42,42210,2,2,6,4,2,3,3,4,경상남도,제주,자녀 동반 여행,2022-10-09~2022-10-16,1,3,2,3
d010628,50,여,40,6,4,1,1,13,,1,,2,1,50,50110,26,26470,11,11620,1,1,4,4,4,2,4,4,제주특별자치도,제주,나홀로 여행,2022-11-06~2022-11-07,2,4,6,0
d002305,31,남,40,5,1,2,4,8,,5,5,2,1,50,50130,26,26710,48,48310,2,1,3,6,2,5,7,6,울산광역시,제주,자녀 동반 여행,2022-10-05~2022-10-11,3,2,7,3
d001849,26,여,40,5,1,2,4,3,,2,6,2,2,26,26710,48,48880,26,26260,2,3,2,4,7,2,2,7,부산광역시,제주,자녀 동반 여행,2022-10-03~2022-10-06,9,3,1,9
d002348,43,여,20,6,1,1,3,2,,4,6,2,2,50,50110,42,42210,46,46130,1,1,4,4,1,1,1,2,충청북도,제주,나홀로 여행,2022-10-12~2022-10-17,4,2,5,0
d009659,50,여,30,7,1,1,1,3,,2,,2,1,50,50130,50,50110,11,11440,3,4,5,2,3,2,5,4,제주특별자치도,제주,나홀로 여행,2022-11-02~2022-11-02,1,2,7,0
d003387,41,여,30,5,1,1,3,3,,5,10,2,2,45,45130,50,50130,11,11230,3,1,2,3,5,4,7,5,경기도,제주,나홀로 여행,2022-10-10~2022-10-15,7,4,2,0
a001590,11,여,60,4,1,2,1,3,,3,,4,1,50,50130,29,29170,42,42210,2,6,2,2,2,2,4,7,서울특별시,인천,나홀로 여행,2022-09-03~2022-09-05,1,2,7,0
d012325,50,남,30,6,4,2,2,5,,4,7,2,1,50,50130,50,50110,11,11440,4,2,4,4,2,2,4,6,제주특별자치도,제주,2인 가족 여행,2022-11-11~2022-11-11,3,2,7,1
d006759,50,여,40,6,1,2,3,4,,3,6,1,1,50,50110,50,50130,29,29170,4,4,1,4,6,7,6,5,제주특별자치도,제주,자녀 동반 여행,2022-10-23~2022-10-23,1,7,6,3
d010127,41,여,20,6,3,1,1,12,,2,,3,2,50,50110,26,26500,11,11680,4,2,1,2,6,5,6,3,경기도,제주,나홀로 여행,2022-11-03~2022-11-06,2,,,0
d002050,41,여,20,6,1,1,3,2,,4,6,1,5,50,50130,42,42210,26,26350,3,2,2,2,6,2,4,7,경기도,제주,나홀로 여행,2022-10-12~2022-10-15,7,1,2,0
d001576,28,남,40,5,4,2,3,3,,5,6,3,3,42,42170,42,42110,28,28710,2,2,4,1,2,4,2,2,서울특별시,제주,3인 이상 여행(가족 외),2022-09-24~2022-09-27,9,1,2,4
d002333,41,여,20,6,1,1,4,2,,6,10,3,3,42,42150,41,41820,41,41360,5,2,2,1,1,5,7,7,경기도,제주,2인 여행(가족 외),2022-10-20~2022-10-22,2,1,3,1
d009919,28,여,20,5,1,1,1,4,,3,,3,3,50,50130,42,42150,41,41830,3,1,1,4,5,1,1,3,인천광역시,제주,2인 여행(가족 외),2022-10-31~2022-11-02,2,9,3,1
d000796,11,남,20,6,1,1,1,,3,1,,1,3,50,50130,47,47130,42,42150,1,1,4,6,1,1,1,1,서울특별시,제주,2인 여행(가족 외),2022-09-06~2022-09-08,9,3,2,2
a001396,41,남,30,6,1,2,3,3,,11,11,2,2,41,41650,42,42780,41,41800,1,1,4,4,6,6,4,3,경기도,인천,자녀 동반 여행,2022-09-03~2022-09-04,3,7,1,6
d001917,41,남,30,6,1,1,4,4,,4,8,2,4,50,50110,50,50130,26,26350,6,2,6,2,2,4,4,4,경기도,제주,나홀로 여행,2022-10-07~2022-10-11,8,4,6,0
d000593,41,남,20,6,1,1,1,3,,4,,3,1,42,42730,48,48840,11,11620,1,1,1,2,1,4,2,3,경기도,제주,부모 동반 여행,2022-08-26~2022-08-29,1,3,,2
c005242,46,여,30,5,1,2,2,11,,1,4,2,1,46,46150,46,46130,46,46770,2,7,1,1,5,7,6,7,전라남도,전남,2인 가족 여행,2022-10-02~2022-10-02,3,1,10,1
b004278,27,여,40,6,1,2,3,3,,6,10,2,1,42,42150,26,26350,50,50130,2,2,2,2,2,1,6,2,서울특별시,경남,3인 이상 여행(가족 외),2022-09-24~2022-09-25,7,1,,2
d005210,50,여,40,6,1,2,2,11,,2,5,1,2,11,11110,50,50130,46,46710,5,4,1,3,2,3,3,4,제주특별자치도,제주,나홀로 여행,2022-10-15~2022-10-15,1,7,,0
c001122,11,남,30,4,1,1,4,6,,5,10,3,5,50,50110,42,42210,48,48310,1,3,1,4,5,1,5,5,서울특별시,전남,2인 여행(가족 외),2022-08-20~2022-08-21,3,2,1,1
d000063,41,남,40,7,1,2,4,2,,10,12,3,8,50,50110,42,42210,48,48840,2,2,2,4,4,2,4,5,경기도,제주,자녀 동반 여행,2022-08-06~2022-08-10,7,1,3,3
d012302,50,여,60,8,5,2,2,6,,3,5,3,4,11,11110,50,50110,50,50130,2,6,2,2,5,6,4,6,제주특별자치도,제주,나홀로 여행,2022-11-11~2022-11-11,4,,,0
d012475,50,여,30,7,1,1,1,3,,3,,2,1,50,50110,50,50130,11,11440,4,4,4,3,4,3,5,4,제주특별자치도,제주,나홀로 여행,2022-11-09~2022-11-09,1,7,2,0
d002267,44,여,40,6,1,2,2,13,,3,8,2,2,42,42170,45,45110,50,50130,1,5,4,5,2,4,5,2,충청남도,제주,2인 가족 여행,2022-10-06~2022-10-10,6,7,3,1
d000482,11,여,40,6,1,1,1,3,,6,,2,1,50,50130,42,42150,26,26350,4,2,3,3,4,2,1,6,서울특별시,제주,3인 이상 여행(가족 외),2022-08-27~2022-08-31,1,2,3,4
c000269,30,남,30,7,1,1,1,2,,6,,2,1,50,50130,26,26350,48,48310,4,2,2,2,4,5,5,5,대전광역시,충남,3인 이상 여행(가족 외),2022-08-29~2022-08-30,3,1,2,3
d010844,28,남,30,6,1,1,1,2,,5,,3,6,41,41360,42,42150,50,50110,4,2,2,4,4,2,5,4,경기도,제주,나홀로 여행,2022-11-01~2022-11-04,2,4,1,0
d002055,11,여,20,6,1,1,1,4,,4,,3,3,50,50110,50,50130,42,42210,1,2,2,5,4,3,6,7,서울특별시,제주,2인 여행(가족 외),2022-10-14~2022-10-18,1,2,3,1
d000134,11,남,40,8,1,2,4,2,,12,12,3,1,50,50130,42,42210,26,26350,1,1,1,1,1,7,4,4,서울특별시,제주,자녀 동반 여행,2022-08-13~2022-08-16,1,7,2,3
a011254,11,여,40,5,1,2,4,4,,6,11,3,5,41,41480,42,42130,44,44210,5,7,6,3,6,5,2,7,서울특별시,인천,부모 동반 여행,2022-10-24~2022-10-24,3,1,2,3
d008966,41,여,20,5,3,1,4,12,,2,6,4,2,42,42150,44,44825,41,41820,3,4,4,3,4,6,6,7,경기도,제주,부모 동반 여행,2022-10-29~2022-10-31,2,1,3,3
d007602,29,여,20,6,2,1,3,12,,1,3,2,1,11,11230,42,42150,26,26710,2,1,4,2,5,5,1,6,광주광역시,제주,2인 여행(가족 외),2022-10-25~2022-10-26,3,1,2,1
d003881,50,여,30,6,1,1,1,2,,4,,3,2,50,50130,46,46130,47,47130,1,2,2,4,2,5,5,3,서울특별시,제주,나홀로 여행,2022-10-08~2022-10-09,2,10,1,0
d005398,50,남,30,6,1,2,4,5,,5,7,3,3,50,50130,11,11680,26,26350,2,2,4,4,2,4,2,4,제주특별자치도,제주,3인 이상 여행(가족 외),2022-10-29~2022-10-30,4,6,1,3
d010768,44,남,20,6,1,1,1,2,,5,,2,1,44,44825,45,45140,27,27170,1,1,1,3,6,3,2,4,제주특별자치도,제주,2인 여행(가족 외),2022-11-04~2022-11-07,7,3,2,1
d012317,50,여,30,5,4,1,2,13,,4,6,2,1,50,50130,26,26470,45,45110,2,2,6,1,5,2,6,6,제주특별자치도,제주,나홀로 여행,2022-11-13~2022-11-13,1,6,2,0
c004953,11,남,30,7,1,1,3,3,,6,12,2,1,11,11200,41,41480,28,28260,2,2,2,1,3,2,3,5,서울특별시,전북,2인 여행(가족 외),2022-10-07~2022-10-08,3,,,1
d001196,50,여,30,5,1,2,3,4,,2,10,3,6,50,50130,42,42230,46,46150,4,1,1,1,6,4,6,7,제주특별자치도,제주,3인 이상 여행(가족 외),2022-09-20~2022-09-22,9,2,5,2
c002512,41,남,30,6,1,1,2,3,,4,4,3,3,50,50110,48,48220,46,46130,2,2,1,3,3,6,4,5,경기도,경남,2인 여행(가족 외),2022-09-22~2022-09-25,2,1,3,1
d009311,50,여,20,6,1,1,2,3,,3,3,4,10,50,50130,42,42150,11,11170,3,1,3,2,4,2,4,4,제주특별자치도,제주,2인 여행(가족 외),2022-10-29~2022-10-30,2,1,3,1
a002098,11,여,20,6,1,1,1,3,,5,,3,6,50,50130,26,26500,41,41110,2,4,1,7,7,4,6,5,서울특별시,인천,2인 여행(가족 외),2022-09-25~2022-09-25,1,7,3,1
d000018,11,여,20,6,2,1,4,,2,1,12,3,2,50,50130,42,42150,26,26710,3,1,5,5,1,4,6,1,서울특별시,제주,3인 이상 여행(가족 외),2022-08-13~2022-08-16,2,3,1,2
d004084,41,여,20,7,1,1,2,2,,5,7,2,1,42,42150,11,11290,42,42750,1,1,1,3,6,5,6,6,경기도,제주,2인 여행(가족 외),2022-10-20~2022-10-22,2,1,3,1
d010680,11,여,20,6,1,1,1,2,,4,,3,5,42,42150,42,42830,41,41220,6,1,4,4,4,5,4,7,서울특별시,제주,나홀로 여행,2022-11-05~2022-11-07,7,,,0
d002398,27,여,30,6,1,1,1,13,,4,,1,1,26,26350,48,48270,50,50130,1,1,1,1,1,1,7,1,대구광역시,제주,나홀로 여행,2022-10-17~2022-10-19,2,1,7,0
d007532,26,여,20,6,3,1,1,12,,1,,3,2,50,50110,50,50130,26,26350,5,4,2,4,2,4,2,4,부산광역시,제주,나홀로 여행,2022-10-24~2022-10-27,2,1,4,0
d002729,30,여,20,5,1,1,1,4,,3,,3,3,50,50130,26,26350,42,42130,5,3,2,4,1,6,5,2,대전광역시,제주,나홀로 여행,2022-10-11~2022-10-13,2,1,7,0
a001232,11,남,20,6,1,1,1,3,,4,,2,1,28,28260,29,29140,30,30200,6,2,2,3,3,3,5,2,서울특별시,인천,나홀로 여행,2022-09-02~2022-09-04,6,5,7,0
a000310,11,여,20,7,2,1,1,3,,5,,2,1,42,42150,42,42210,50,50110,3,2,1,1,6,5,2,6,서울특별시,인천,부모 동반 여행,2022-08-20~2022-08-21,3,1,7,4
b007077,26,여,30,6,1,2,3,3,,1,5,2,2,47,47130,48,48310,31,31200,2,5,2,4,6,2,2,4,부산광역시,경남,자녀 동반 여행,2022-10-23~2022-10-23,3,8,7,2
b000708,26,여,30,6,1,2,3,3,,5,9,2,1,48,48250,31,31140,47,47190,4,3,1,3,5,3,1,7,부산광역시,경남,자녀 동반 여행,2022-08-24~2022-08-25,2,3,10,2
d010562,27,남,20,6,1,1,1,2,,4,,3,5,50,50110,42,42150,48,48220,1,1,1,3,3,3,2,7,경기도,제주,2인 가족 여행,2022-10-30~2022-11-04,3,2,1,1
d001770,28,남,30,6,1,2,4,10,,7,12,2,1,41,41110,42,42110,27,27260,7,1,1,1,1,1,4,7,인천광역시,제주,자녀 동반 여행,2022-09-29~2022-10-04,5,9,2,3
d012285,50,남,40,6,1,1,1,1,,5,,2,4,50,50130,42,42210,11,11710,2,1,1,1,4,4,5,7,제주특별자치도,제주,나홀로 여행,2022-11-12~2022-11-12,7,5,4,0
d004600,41,여,30,6,1,2,2,2,,4,10,3,4,50,50130,50,50110,42,42110,4,1,2,4,2,3,6,7,경기도,제주,2인 가족 여행,2022-10-19~2022-10-22,3,7,1,1
a005918,41,여,50,4,1,2,3,9,,3,5,4,1,42,42230,11,11110,50,50110,1,1,1,1,1,1,1,1,경기도,인천,2인 여행(가족 외),2022-10-19~2022-10-20,1,3,2,1
d001638,41,남,40,6,1,2,4,2,,6,9,3,3,42,42210,50,50130,26,26350,2,2,3,4,3,4,4,6,경기도,제주,2인 여행(가족 외),2022-09-22~2022-09-25,3,2,1,1
d002378,41,남,20,6,1,1,2,5,,3,3,3,1,50,50110,26,26140,42,42770,4,1,1,7,7,7,4,4,경기도,제주,나홀로 여행,2022-10-03~2022-10-05,1,2,6,0
d002877,11,여,30,5,1,1,1,2,,4,,3,5,50,50130,47,47170,26,26350,1,1,1,3,4,1,7,1,서울특별시,제주,2인 여행(가족 외),2022-10-16~2022-10-19,3,1,2,1
a003519,11,여,30,8,3,1,3,12,,4,7,3,3,42,42150,26,26440,27,27230,1,3,1,5,6,2,2,3,서울특별시,도서 지역,나홀로 여행,2022-10-12~2022-10-13,8,6,1,0
a004219,11,여,20,6,1,1,5,13,,1,7,3,5,50,50110,41,41310,26,26350,3,2,4,5,1,4,5,4,서울특별시,인천,나홀로 여행,2022-10-07~2022-10-09,2,4,1,0
d004366,11,여,60,4,1,2,3,11,,1,5,2,1,46,46780,46,46880,45,45790,3,5,5,4,2,3,3,3,서울특별시,제주,자녀 동반 여행,2022-10-12~2022-10-14,9,7,2,2
c001984,45,남,30,7,1,2,4,2,,7,12,2,2,46,46130,45,45800,46,46110,6,2,6,6,6,6,2,2,전라북도,전북,자녀 동반 여행,2022-09-17~2022-09-18,3,1,7,3
d004500,50,남,30,6,1,2,2,3,,4,5,3,6,11,11710,26,26350,11,11680,5,2,3,4,5,6,6,6,제주특별자치도,제주,2인 가족 여행,2022-10-09~2022-10-10,9,1,3,1
d012314,50,여,40,6,1,4,1,2,,5,,2,3,50,50130,11,11110,43,43110,4,3,2,2,4,3,1,5,제주특별자치도,제주,2인 여행(가족 외),2022-11-13~2022-11-13,3,2,1,1
d000872,43,여,20,7,1,1,4,3,,2,7,2,1,42,42150,50,50130,50,50110,3,3,3,4,4,4,5,5,경기도,제주,2인 여행(가족 외),2022-08-24~2022-08-27,2,3,1,1
d000608,41,여,40,4,1,2,4,1,,5,9,3,2,41,41830,43,43750,50,50130,1,5,4,5,4,6,5,5,경기도,제주,2인 여행(가족 외),2022-08-19~2022-08-21,1,3,2,1
d009564,50,남,30,5,1,2,4,2,,4,7,3,5,11,11350,26,26350,50,50130,4,2,3,2,6,6,6,6,제주특별자치도,제주,3인 이상 여행(가족 외),2022-10-29~2022-10-30,3,1,7,3
d005593,50,여,40,6,1,1,1,4,,3,,3,10,50,50110,11,11440,26,26350,1,1,6,1,1,1,2,4,제주특별자치도,제주,나홀로 여행,2022-10-30~2022-10-30,8,2,1,0
d004153,50,여,20,5,1,1,1,4,,3,,2,4,48,48840,47,47130,50,50110,1,1,1,4,4,4,6,7,제주특별자치도,제주,나홀로 여행,2022-10-30~2022-10-31,7,4,1,0
d002598,41,남,20,6,1,1,4,2,,5,7,3,6,50,50130,42,42210,42,42830,1,1,2,3,4,4,2,1,경기도,제주,2인 여행(가족 외),2022-10-02~2022-10-04,1,2,3,1
d004476,50,남,30,6,1,2,2,2,,4,4,2,2,50,50110,50,50130,41,41130,1,7,1,1,1,1,1,4,제주특별자치도,제주,3인 이상 여행(가족 외),2022-10-11~2022-10-12,3,10,7,3
d000622,47,여,20,6,1,1,1,3,,4,,3,6,27,27110,26,26350,47,47130,4,3,5,4,3,6,5,3,경상북도,제주,나홀로 여행,2022-08-27~2022-08-30,2,7,1,1
d000251,29,여,20,5,2,1,2,,2,1,5,2,1,50,50130,11,11680,42,42150,5,2,3,4,6,5,5,5,광주광역시,제주,2인 여행(가족 외),2022-08-19~2022-08-24,3,9,2,1
d009933,42,여,20,6,1,1,1,10,,3,,2,2,11,11500,28,28177,42,42830,4,4,4,1,4,3,7,5,강원도,제주,2인 여행(가족 외),2022-10-31~2022-11-03,3,2,7,1
d005149,41,여,20,5,1,1,4,2,,4,8,2,3,11,11680,11,11740,11,11710,2,5,1,6,2,2,5,6,경기도,제주,3인 이상 여행(가족 외),2022-10-09~2022-10-11,3,2,1,2
d009589,11,여,20,6,5,1,4,2,,2,7,3,3,42,42150,41,41360,50,50130,2,2,2,4,6,5,7,6,서울특별시,제주,2인 여행(가족 외),2022-10-29~2022-10-31,1,6,7,1
d008962,27,여,30,6,1,2,2,1,,7,11,2,1,50,50130,50,50110,11,11680,6,1,1,2,5,6,6,1,대구광역시,제주,나홀로 여행,2022-10-30~2022-11-01,2,6,1,1
d002379,11,남,40,6,1,2,3,2,,4,7,2,2,42,42150,26,26350,50,50110,4,4,2,3,4,5,6,4,서울특별시,제주,3대 동반 여행(친척 포함),2022-10-06~2022-10-09,3,7,2,4
d002063,11,여,30,6,1,1,1,3,,4,,2,3,50,50130,42,42830,41,41480,2,4,2,4,4,2,6,5,서울특별시,제주,나홀로 여행,2022-10-03~2022-10-07,4,7,1,0
d004367,41,여,30,6,1,1,2,2,,5,8,3,3,50,50130,42,42150,48,48120,2,2,1,4,6,2,7,6,경기도,제주,나홀로 여행,2022-10-11~2022-10-13,4,2,7,0
c004822,11,남,20,6,1,1,2,4,,4,5,3,8,41,41820,42,42210,50,50130,3,3,3,3,3,3,3,5,서울특별시,전남,2인 여행(가족 외),2022-10-19~2022-10-20,2,3,1,1
d010437,41,남,20,6,1,2,1,2,,5,,3,3,41,41170,41,41110,41,41460,4,2,2,4,4,4,6,6,경기도,제주,나홀로 여행,2022-11-04~2022-11-06,2,9,7,1
b009868,28,남,20,6,3,1,4,12,,2,5,2,1,50,50130,42,42790,42,42110,1,3,1,7,1,4,7,4,인천광역시,경남,2인 여행(가족 외),2022-10-26~2022-10-27,2,7,3,1
d009088,41,남,20,6,2,1,4,12,,2,7,3,2,50,50110,50,50130,11,11110,4,6,6,1,6,6,6,1,경기도,제주,나홀로 여행,2022-10-28~2022-10-30,1,7,5,0
d001364,41,여,20,7,2,1,3,3,,5,9,3,4,50,50130,42,42150,11,11680,7,1,2,2,3,3,4,5,경기도,제주,부모 동반 여행,2022-09-08~2022-09-11,1,3,2,2
d000404,30,여,50,6,1,2,4,2,,4,6,3,2,50,50130,46,46130,26,26350,5,6,6,6,6,4,5,6,대전광역시,제주,3인 이상 여행(가족 외),2022-08-25~2022-08-28,1,2,3,3
d001696,50,여,30,5,5,2,3,2,,3,6,3,2,50,50130,42,42210,26,26710,4,1,1,1,4,6,2,6,제주특별자치도,제주,자녀 동반 여행,2022-10-17~2022-10-19,1,9,7,2
d004048,50,여,20,5,1,1,2,13,,1,1,2,2,50,50130,47,47110,48,48840,2,3,4,5,3,3,6,3,제주특별자치도,제주,2인 여행(가족 외),2022-10-17~2022-10-18,2,7,3,1
d001430,11,남,50,5,4,2,2,2,,4,7,3,4,42,42210,50,50130,45,45130,1,4,1,3,1,1,4,6,서울특별시,제주,2인 가족 여행,2022-09-11~2022-09-14,3,2,1,1
b011589,48,여,40,6,1,2,3,2,,3,8,3,3,26,26350,48,48120,50,50130,5,3,3,2,4,4,3,4,경상남도,경남,자녀 동반 여행,2022-10-29~2022-10-29,1,2,7,1
d001875,26,여,20,6,1,1,4,4,,4,12,3,15,50,50110,11,11110,47,47130,6,2,2,2,6,2,7,6,부산광역시,제주,2인 여행(가족 외),2022-10-02~2022-10-04,1,2,3,1
d002844,28,여,20,6,1,1,1,3,,5,,2,2,42,42150,11,11680,50,50130,6,7,1,3,5,2,7,3,인천광역시,제주,2인 여행(가족 외),2022-10-04~2022-10-06,2,1,3,1
d000097,11,여,30,7,1,2,3,2,,4,9,3,3,50,50110,26,26350,41,41820,1,1,1,3,4,6,2,5,서울특별시,제주,3대 동반 여행(친척 포함),2022-08-21~2022-08-28,3,2,1,6
d002183,11,여,20,7,1,1,4,2,,5,12,3,4,50,50130,48,48310,30,30200,2,2,3,4,1,2,3,6,서울특별시,제주,2인 여행(가족 외),2022-10-9~2022-10-11,2,4,3,1
d009519,50,남,40,7,1,2,4,2,,7,11,2,1,50,50130,11,11170,44,44250,7,1,5,2,5,5,5,3,제주특별자치도,제주,3대 동반 여행(친척 포함),2022-10-29~2022-10-30,2,3,6,4
a006980,41,여,20,5,2,1,1,12,,2,,2,4,42,42150,26,26350,31,31110,2,1,2,1,5,5,5,6,경기도,인천,3인 이상 여행(가족 외),2022-10-09~2022-10-09,1,3,5,3
d001854,11,남,30,6,1,2,3,3,,5,6,3,6,50,50110,42,42150,26,26500,3,2,3,3,3,2,4,6,서울특별시,제주,자녀 동반 여행,2022-09-29~2022-10-02,9,5,1,2
d001804,41,여,30,6,1,1,3,3,,1,5,3,5,50,50110,41,41830,42,42150,1,1,1,4,2,6,5,5,경기도,제주,2인 여행(가족 외),2022-10-09~2022-10-13,3,1,7,1
d001833,41,여,40,7,1,2,4,1,,11,11,2,1,50,50110,42,42210,47,47130,2,2,3,2,4,5,6,4,경기도,제주,자녀 동반 여행,2022-10-07~2022-10-12,3,7,1,3
d007764,41,여,30,6,1,1,1,2,,6,,3,6,50,50110,42,42150,26,26350,2,2,1,2,6,6,7,2,경기도,제주,부모 동반 여행,2022-10-28~2022-10-31,3,9,1,3
d001240,46,여,30,6,1,2,4,,3,2,7,2,2,46,46130,48,48840,26,26260,2,1,1,2,1,4,4,7,전라남도,제주,자녀 동반 여행,2022-09-25~2022-09-30,3,7,1,5
d009769,41,여,30,6,1,2,2,3,,5,7,3,4,42,42210,46,46130,28,28140,6,1,2,2,6,5,1,5,경기도,제주,부모 동반 여행,2022-10-29~2022-10-31,2,3,,5
a005663,11,여,20,6,1,1,3,2,,1,12,2,1,50,50110,42,42210,26,26350,2,2,2,2,4,6,6,4,서울특별시,인천,부모 동반 여행,2022-10-02~2022-10-02,2,6,1,2
a014180,11,여,20,6,1,1,1,2,,3,,2,1,42,42150,28,28110,44,44825,2,4,2,4,2,5,5,6,서울특별시,인천,2인 여행(가족 외),2022-10-29~2022-10-30,2,1,3,1
d001451,11,여,20,6,1,1,1,2,,11,,3,6,50,50110,47,47110,42,42150,2,2,1,1,4,2,5,1,서울특별시,제주,나홀로 여행,2022-09-22~2022-09-24,2,1,7,0
d006848,41,여,30,6,1,2,2,2,,3,5,3,2,50,50130,50,50110,42,42830,2,4,2,3,1,3,4,5,경기도,제주,나홀로 여행,2022-10-19~2022-10-21,2,4,1,0
d007035,50,남,20,5,1,1,1,1,,4,,2,4,42,42150,41,41480,50,50110,4,4,4,4,4,4,4,4,제주특별자치도,제주,나홀로 여행,2022-10-29~2022-10-31,8,1,4,0
d011694,48,여,20,6,3,1,1,4,,2,,3,4,50,50130,42,42150,50,50110,3,2,1,4,4,4,5,7,경상남도,제주,나홀로 여행,2022-11-03~2022-11-05,2,1,4,0
d003665,50,여,30,6,1,2,2,2,,5,8,3,2,11,11560,11,11110,50,50130,6,2,6,4,4,5,6,5,제주특별자치도,제주,나홀로 여행,2022-10-22~2022-10-23,4,2,1,0
d012424,50,여,20,6,1,1,2,3,,4,6,2,2,11,11200,11,11230,50,50110,3,3,1,5,5,3,1,6,제주특별자치도,제주,나홀로 여행,2022-11-12~2022-11-12,6,1,2,0
d002182,42,여,20,4,1,1,1,12,,1,,3,3,42,42150,50,50110,26,26110,2,2,6,2,2,4,1,5,강원도,제주,2인 여행(가족 외),2022-09-29~2022-10-02,3,2,6,1
d001363,28,여,30,6,1,2,3,3,,4,7,2,3,41,41650,41,41820,42,42750,1,4,1,4,5,4,2,7,인천광역시,제주,자녀 동반 여행,2022-09-28~2022-09-29,3,,,2
d000648,28,남,20,6,1,1,4,3,,4,6,3,2,50,50110,42,42150,50,50130,2,2,3,4,4,5,6,5,인천광역시,제주,2인 여행(가족 외),2022-08-21~2022-08-24,2,1,10,1
d007597,50,여,30,7,1,1,1,2,,1,,3,1,50,50130,50,50110,26,26350,2,4,4,3,1,2,4,3,제주특별자치도,제주,나홀로 여행,2022-10-25~2022-10-27,2,1,4,0
d001669,11,남,20,6,1,1,1,3,,4,,2,2,50,50130,42,42150,26,26710,2,2,2,5,5,2,2,7,서울특별시,제주,나홀로 여행,2022-09-23~2022-09-26,5,4,6,0
d001229,27,여,20,6,1,1,1,3,,4,,2,1,50,50110,26,26350,11,11680,3,3,1,3,6,3,6,6,대구광역시,제주,나홀로 여행,2022-09-15~2022-09-18,7,2,1,1
d002994,41,여,30,4,1,2,4,4,,1,5,2,3,50,50130,42,42170,26,26350,4,4,3,4,4,4,5,5,경기도,제주,자녀 동반 여행,2022-10-05~2022-10-11,3,7,1,3
d008964,11,여,20,6,1,1,1,3,,5,,3,3,50,50110,26,26350,41,41820,2,2,2,2,4,4,2,7,서울특별시,제주,나홀로 여행,2022-10-27~2022-10-29,2,1,7,0
d008036,11,여,20,6,1,1,1,2,,4,,3,5,11,11560,42,42150,26,26350,5,5,3,5,5,4,2,5,서울특별시,제주,나홀로 여행,2022-10-29~2022-10-31,1,4,2,1
d007969,50,남,30,6,1,2,3,3,,6,7,3,3,26,26350,11,11620,46,46820,3,3,6,4,6,5,3,5,제주특별자치도,제주,2인 가족 여행,2022-10-28~2022-10-29,3,1,2,1
a005321,11,남,30,6,1,1,2,2,,4,7,3,4,43,43130,42,42150,50,50130,2,2,4,4,2,2,5,5,서울특별시,경기,3인 이상 여행(가족 외),2022-10-04~2022-10-05,2,1,3,2
d000450,41,여,20,6,1,1,1,2,,5,,3,3,48,48310,26,26230,50,50130,3,2,6,5,1,2,1,6,경기도,제주,2인 여행(가족 외),2022-08-26~2022-08-28,1,2,3,1
d000351,11,여,20,6,1,1,5,3,,4,6,3,3,50,50110,41,41670,50,50130,2,2,3,1,3,3,3,7,서울특별시,제주,3인 이상 여행(가족 외),2022-08-27~2022-08-29,1,7,4,4
d009087,50,여,30,5,1,2,4,4,,4,6,3,5,42,42770,47,47130,26,26350,5,1,2,2,3,7,2,6,제주특별자치도,제주,자녀 동반 여행,2022-10-28~2022-10-29,3,5,2,3
d012443,50,여,40,7,1,2,3,2,,6,10,2,1,42,42210,42,42150,50,50130,1,3,1,5,4,3,7,3,제주특별자치도,제주,자녀 동반 여행,2022-11-12~2022-11-12,7,5,6,2
d001984,26,여,30,5,1,2,4,2,,1,8,3,2,50,50110,46,46130,45,45110,4,2,2,6,7,6,2,6,부산광역시,제주,3인 이상 여행(가족 외),2022-10-17~2022-10-19,7,2,3,4
d000749,44,여,30,5,1,2,3,,1,1,3,2,1,50,50130,47,47130,26,26350,1,1,7,1,7,1,1,7,충청남도,제주,3인 이상 여행(가족 외),2022-08-19~2022-08-21,3,9,5,2
d004869,41,여,20,6,1,1,1,2,,5,,3,4,50,50130,50,50110,42,42210,2,1,1,1,1,1,2,2,경기도,제주,2인 여행(가족 외),2022-10-09~2022-10-13,3,2,7,1
a003795,41,남,20,5,2,1,3,3,,3,10,3,2,42,42150,50,50110,44,44210,6,1,3,2,2,3,3,5,경기도,인천,나홀로 여행,2022-10-08~2022-10-10,2,1,7,0
d002091,41,여,30,6,1,1,3,3,,2,12,4,3,47,47130,42,42150,47,47280,1,1,1,7,4,2,7,1,경기도,제주,나홀로 여행,2022-10-02~2022-10-08,7,4,2,0
a008749,11,남,60,6,1,2,3,2,,3,6,3,4,28,28710,45,45130,41,41650,2,3,3,2,2,5,2,5,서울특별시,인천,3인 이상 여행(가족 외),2022-10-22~2022-10-22,9,3,8,2
d002770,41,여,20,6,2,1,1,12,,2,,4,4,45,45130,42,42150,28,28185,4,2,3,4,2,4,6,5,경기도,제주,3인 이상 여행(가족 외),2022-10-10~2022-10-13,3,2,1,3
d000117,26,여,40,5,1,2,8,4,,2,4,3,3,26,26200,11,11200,50,50110,5,5,2,2,2,7,2,7,부산광역시,제주,3대 동반 여행(친척 포함),2022-08-20~2022-08-24,3,1,10,11
d001701,41,여,20,6,2,1,4,2,,3,8,2,1,50,50130,26,26500,11,11110,4,2,2,2,4,5,2,3,경기도,제주,부모 동반 여행,2022-10-10~2022-10-13,2,1,3,3
d004324,50,남,20,5,1,1,2,4,,4,4,2,2,50,50110,50,50130,11,11650,3,5,2,4,2,2,2,5,제주특별자치도,제주,3인 이상 여행(가족 외),2022-10-13~2022-10-15,2,1,7,2
d005328,50,여,20,6,1,1,4,2,,3,9,3,1,26,26350,11,11440,42,42210,6,1,5,4,2,4,7,6,제주특별자치도,제주,2인 여행(가족 외),2022-10-15~2022-10-16,3,1,2,1
a003214,41,여,30,6,1,2,4,2,,1,6,2,1,28,28110,41,41830,50,50130,2,1,1,5,7,4,6,3,경기도,인천,자녀 동반 여행,2022-09-30~2022-10-02,3,1,7,3
d001293,43,남,30,8,5,1,1,2,,4,,2,2,50,50130,11,11290,48,48330,1,1,1,7,7,1,1,7,충청북도,제주,나홀로 여행,2022-09-27~2022-09-29,4,7,5,0
d001014,41,여,20,4,1,1,3,2,,4,9,3,3,50,50130,26,26230,11,11440,4,1,4,1,5,4,7,3,경기도,제주,2인 여행(가족 외),2022-08-26~2022-08-29,3,7,8,5
a005177,11,여,60,6,1,2,2,3,,7,12,2,1,42,42210,50,50110,26,26350,3,4,3,2,3,3,5,5,서울특별시,경기,2인 가족 여행,2022-10-08~2022-10-08,2,1,6,1
d007369,50,남,40,6,1,2,3,4,,5,5,4,2,48,48220,50,50130,11,11230,2,1,2,4,3,2,6,6,제주특별자치도,제주,3인 이상 여행(가족 외),2022-10-26~2022-10-27,4,3,7,2
d003175,50,여,30,7,5,2,2,2,,3,6,3,4,11,11680,26,26350,50,50130,2,4,1,5,6,1,7,3,제주특별자치도,제주,2인 가족 여행,2022-10-09~2022-10-09,2,3,1,1
d003392,41,여,20,7,1,1,2,2,,4,8,2,1,50,50110,50,50130,42,42150,2,4,4,2,3,2,2,6,경기도,제주,2인 여행(가족 외),2022-10-08~2022-10-10,2,1,6,1
d003024,11,여,30,6,1,1,1,3,,8,,2,1,42,42150,50,50130,46,46130,1,1,1,3,3,1,2,6,서울특별시,제주,2인 여행(가족 외),2022-10-03~2022-10-05,3,2,9,1
d003685,50,여,20,6,1,1,2,13,,5,6,2,1,11,11140,50,50110,26,26350,3,1,2,2,1,2,1,7,제주특별자치도,제주,2인 여행(가족 외),2022-10-09~2022-10-10,3,5,1,1
d004654,27,여,20,6,2,1,1,2,,2,,2,2,50,50110,50,50130,47,47110,2,2,4,3,4,2,4,4,대구광역시,제주,나홀로 여행,2022-10-18~2022-10-25,2,6,5,0
d000455,11,남,20,6,2,1,1,9,,2,,3,2,50,50110,26,26470,28,28245,4,1,1,1,4,5,4,6,서울특별시,제주,3인 이상 여행(가족 외),2022-08-22~2022-08-25,3,1,2,2
d009549,11,여,20,6,1,1,1,2,,8,,3,4,50,50110,42,42150,26,26200,5,2,4,2,3,6,3,6,서울특별시,제주,나홀로 여행,2022-11-03~2022-11-05,2,1,6,0
d008013,27,여,20,6,3,1,4,12,,2,8,3,2,50,50130,11,11110,26,26350,3,2,2,5,3,5,5,4,대구광역시,제주,부모 동반 여행,2022-10-26~2022-10-29,3,1,2,3
d006863,41,여,30,5,1,2,2,11,,2,5,4,1,50,50130,28,28710,44,44180,2,3,1,4,3,3,6,7,경기도,제주,나홀로 여행,2022-10-22~2022-10-26,5,2,1,0
a005789,11,여,30,6,1,2,4,3,,4,7,3,2,50,50130,48,48310,41,41820,3,4,3,3,3,4,3,5,서울특별시,인천,자녀 동반 여행,2022-10-14~2022-10-14,1,8,7,2
d004333,50,여,30,7,1,1,1,2,,4,,1,1,50,50130,50,50110,29,29200,4,7,2,1,3,2,1,7,제주특별자치도,제주,나홀로 여행,2022-10-09~2022-10-09,6,4,2,0
a008714,41,여,50,6,1,1,1,3,,5,,3,3,26,26350,42,42210,28,28110,6,2,4,3,1,4,7,2,경기도,인천,2인 여행(가족 외),2022-10-21~2022-10-22,2,,,1
d003889,50,남,30,6,1,2,4,2,,7,7,2,1,50,50130,11,11680,26,26260,1,1,1,4,4,2,4,4,제주특별자치도,제주,자녀 동반 여행,2022-10-08~2022-10-10,7,,,3
c001813,44,여,30,6,1,2,4,3,,6,8,2,1,42,42760,46,46720,44,44825,2,4,4,2,2,6,6,4,충청남도,전남,부모 동반 여행,2022-09-03~2022-09-04,2,1,3,8
d001409,11,여,30,5,1,1,1,2,,8,,3,6,50,50110,42,42150,41,41820,4,2,4,2,3,4,5,3,서울특별시,제주,3인 이상 여행(가족 외),2022-09-17~2022-09-19,3,2,1,4
d001380,41,남,40,5,1,2,4,3,,5,6,3,2,50,50130,50,50110,26,26350,4,2,2,4,4,4,4,4,경기도,제주,자녀 동반 여행,2022-09-21~2022-09-25,1,7,2,3
d008024,50,여,30,7,1,1,1,13,,2,,2,1,50,50110,11,11290,29,29110,3,1,3,4,4,2,4,4,제주특별자치도,제주,나홀로 여행,2022-10-26~2022-10-29,1,2,7,0
d002345,11,남,40,6,5,2,4,3,,5,5,3,2,50,50130,42,42210,42,42750,1,3,2,4,3,2,5,1,서울특별시,제주,부모 동반 여행,2022-10-13~2022-10-16,9,3,2,9
a000561,41,여,30,6,1,2,3,2,,4,4,3,2,42,42820,50,50110,26,26500,3,1,2,3,3,3,5,6,경기도,인천,자녀 동반 여행,2022-09-06~2022-09-08,2,1,9,2
d009650,11,여,30,6,1,1,3,3,,4,6,3,5,42,42110,42,42210,50,50130,2,2,2,4,3,3,4,6,서울특별시,제주,2인 여행(가족 외),2022-11-04~2022-11-06,1,7,3,1
d000948,11,여,30,6,1,1,2,4,,1,4,2,1,50,50110,26,26350,42,42830,2,1,1,3,6,4,4,5,서울특별시,제주,나홀로 여행,2022-09-05~2022-09-07,1,2,7,0
d009942,11,남,30,7,1,2,2,3,,5,8,3,4,50,50110,42,42210,28,28710,2,1,3,2,2,3,6,5,경기도,제주,나홀로 여행,2022-11-02~2022-11-04,2,1,7,0
